,,,,,,,,,,,,,,,,,,,,,,,,,,
RBM3,27074,1,,RBN3,26944,-2,,RBQ3,26707,1,,RBU3,26387,-1,,RBV3,24961,1,,RBX3,24734,1,,RBZ3,24607,-1
RBM3,27084,1,,RBN3,26952,1,,RBQ3,26707,1,,RBU3,26387,-1,,RBV3,24961,1,,RBX3,24734,1,,RBZ3,24607,-1
RBM3,27084,-1,,RBN3,26952,1,,RBQ3,26707,2,,RBU3,26387,-2,,RBV3,24961,1,,RBX3,24734,1,,RBZ3,24607,-1
RBM3,27084,-1,,RBN3,26959,1,,RBQ3,26707,2,,RBU3,26387,-2,,RBV3,24962,1,,RBX3,24755,2,,RBZ3,24607,-1
RBM3,27094,1,,RBN3,26959,1,,RBQ3,26707,1,,RBU3,26387,-1,,RBV3,24963,1,,RBX3,24755,2,,RBZ3,24607,-1
RBM3,27094,-2,,RBN3,26959,1,,RBQ3,26707,1,,RBU3,26387,-1,,RBV3,24963,2,,RBX3,24755,1,,RBZ3,24607,-1
RBM3,27099,-1,,RBN3,26959,1,,RBQ3,26707,2,,RBU3,26387,-2,,RBV3,24963,2,,RBX3,24755,1,,RBZ3,24607,-1
RBM3,27099,-1,,RBN3,26959,1,,RBQ3,26717,2,,RBU3,26398,-1,,RBV3,24963,2,,RBX3,24755,1,,RBZ3,24607,-1
RBM3,27100,-2,,RBN3,26959,1,,RBQ3,26717,1,,RBU3,26398,-1,,RBV3,24963,2,,RBX3,24755,2,,RBZ3,24607,-1
RBM3,27100,-1,,RBN3,26962,2,,RBQ3,26717,2,,RBU3,26398,-1,,RBV3,24963,2,,RBX3,24755,1,,RBZ3,24607,-1
RBM3,27100,-1,,RBN3,26967,1,,RBQ3,26719,-1,,RBU3,26400,-1,,RBV3,24963,2,,RBX3,24757,1,,RBZ3,24617,4
RBM3,27104,1,,RBN3,26967,1,,RBQ3,26719,2,,RBU3,26400,-1,,RBV3,24963,2,,RBX3,24757,1,,RBZ3,24617,5
RBM3,27104,-2,,RBN3,26968,2,,RBQ3,26730,1,,RBU3,26400,-2,,RBV3,24971,-1,,RBX3,24757,1,,RBZ3,24617,1
RBM3,27127,-1,,RBN3,26968,1,,RBQ3,26730,1,,RBU3,26400,-2,,RBV3,24971,-1,,RBX3,24757,1,,RBZ3,24642,1
RBM3,27128,1,,RBN3,26968,1,,RBQ3,26730,1,,RBU3,26401,-2,,RBV3,24971,-1,,RBX3,24757,1,,RBZ3,24683,-1
RBM3,27128,1,,RBN3,26972,2,,RBQ3,26735,-1,,RBU3,26401,-1,,RBV3,24991,-2,,RBX3,24757,1,,RBZ3,24683,-1
RBM3,27128,1,,RBN3,26977,-1,,RBQ3,26738,1,,RBU3,26401,-2,,RBV3,24991,-2,,RBX3,24757,1,,RBZ3,24683,-1
RBM3,27128,1,,RBN3,26983,-1,,RBQ3,26740,-1,,RBU3,26402,-2,,RBV3,24991,-1,,RBX3,24757,1,,RBZ3,24683,-1
RBM3,27137,-1,,RBN3,26983,-1,,RBQ3,26740,-1,,RBU3,26402,-2,,RBV3,24991,-1,,RBX3,24757,1,,RBZ3,24683,-1
RBM3,27139,1,,RBN3,26983,-1,,RBQ3,26740,-1,,RBU3,26402,-2,,RBV3,24991,-1,,RBX3,24760,-1,,RBZ3,24707,-5
RBM3,27139,1,,RBN3,26983,-1,,RBQ3,26740,-1,,RBU3,26403,-2,,RBV3,24991,-2,,RBX3,24761,1,,RBZ3,24707,-1
RBM3,27139,1,,RBN3,26987,1,,RBQ3,26741,-1,,RBU3,26403,-2,,RBV3,24991,-1,,RBX3,24762,1,,RBZ3,24707,-4
RBM3,27139,1,,RBN3,27001,-1,,RBQ3,26741,-1,,RBU3,26410,-1,,RBV3,24993,1,,RBX3,24764,1,,RBZ3,24707,-5
RBM3,27140,1,,RBN3,27001,-1,,RBQ3,26745,-1,,RBU3,26410,-1,,RBV3,24993,1,,RBX3,24765,1,,RBZ3,24707,-1
RBM3,27148,1,,RBN3,27001,-1,,RBQ3,26751,1,,RBU3,26411,-1,,RBV3,24993,1,,RBX3,24765,1,,RBZ3,24707,-4
RBM3,27148,1,,RBN3,27001,-1,,RBQ3,26751,3,,RBU3,26431,-1,,RBV3,24998,-1,,RBX3,24765,1,,RBZ3,24729,2
RBM3,27149,1,,RBN3,27002,1,,RBQ3,26751,3,,RBU3,26431,-3,,RBV3,24999,-1,,RBX3,24765,1,,RBZ3,24729,2
RBM3,27149,1,,RBN3,27003,-1,,RBQ3,26751,3,,RBU3,26431,-3,,RBV3,25001,-1,,RBX3,24765,2,,RBZ3,24729,2
RBM3,27152,-1,,RBN3,27003,-1,,RBQ3,26751,3,,RBU3,26431,-3,,RBV3,25002,-1,,RBX3,24765,1,,RBZ3,24729,2
RBM3,27156,-1,,RBN3,27003,-1,,RBQ3,26751,1,,RBU3,26431,-3,,RBV3,25002,-1,,RBX3,24792,1,,RBZ3,24729,4
RBM3,27156,-3,,RBN3,27003,-1,,RBQ3,26751,3,,RBU3,26431,-1,,RBV3,25002,-2,,RBX3,24794,1,,RBZ3,24729,4
RBM3,27160,-4,,RBN3,27003,-1,,RBQ3,26751,3,,RBU3,26431,-3,,RBV3,25002,-1,,RBX3,24794,1,,RBZ3,24729,2
RBM3,27163,-4,,RBN3,27003,-1,,RBQ3,26751,3,,RBU3,26431,-3,,RBV3,25003,-1,,RBX3,24794,1,,RBZ3,24732,1
RBM3,27163,-2,,RBN3,27006,1,,RBQ3,26751,3,,RBU3,26431,-3,,RBV3,25003,-1,,RBX3,24794,1,,RBZ3,24733,2
RBM3,27163,-4,,RBN3,27006,1,,RBQ3,26751,3,,RBU3,26431,-3,,RBV3,25005,1,,RBX3,24794,1,,RBZ3,24733,1
RBM3,27164,-6,,RBN3,27006,3,,RBQ3,26751,1,,RBU3,26431,-3,,RBV3,25005,1,,RBX3,24794,1,,RBZ3,24733,1
RBM3,27167,-1,,RBN3,27007,-1,,RBQ3,26751,2,,RBU3,26431,-1,,RBV3,25005,1,,RBX3,24794,1,,RBZ3,24733,1
RBM3,27167,-1,,RBN3,27010,4,,RBQ3,26751,3,,RBU3,26431,-2,,RBV3,25023,1,,RBX3,24794,1,,RBZ3,24733,1
RBM3,27167,-1,,RBN3,27010,-1,,RBQ3,26751,3,,RBU3,26431,-3,,RBV3,25033,-1,,RBX3,24794,1,,RBZ3,24733,1
RBM3,27167,-1,,RBN3,27010,-1,,RBQ3,26751,2,,RBU3,26431,-3,,RBV3,25033,-1,,RBX3,24794,1,,RBZ3,24733,1
RBM3,27167,-1,,RBN3,27010,-1,,RBQ3,26753,-1,,RBU3,26431,-2,,RBV3,25033,-1,,RBX3,24794,1,,RBZ3,24733,1
RBM3,27168,-1,,RBN3,27010,-1,,RBQ3,26764,-1,,RBU3,26436,-1,,RBV3,25033,-1,,RBX3,24794,1,,RBZ3,24733,1
RBM3,27168,-1,,RBN3,27010,-1,,RBQ3,26767,1,,RBU3,26436,-1,,RBV3,25033,-1,,RBX3,24794,1,,RBZ3,24733,1
RBM3,27168,-1,,RBN3,27010,-1,,RBQ3,26767,1,,RBU3,26436,-1,,RBV3,25033,-1,,RBX3,24794,1,,RBZ3,24733,1
RBM3,27175,-1,,RBN3,27010,-1,,RBQ3,26771,-1,,RBU3,26436,-1,,RBV3,25033,-1,,RBX3,24794,1,,RBZ3,24733,1
RBM3,27175,-1,,RBN3,27013,4,,RBQ3,26771,1,,RBU3,26436,-1,,RBV3,25033,-1,,RBX3,24794,1,,RBZ3,24733,1
RBM3,27175,-1,,RBN3,27013,2,,RBQ3,26771,1,,RBU3,26436,-1,,RBV3,25033,-1,,RBX3,24794,1,,RBZ3,24733,1
RBM3,27175,-1,,RBN3,27013,4,,RBQ3,26771,1,,RBU3,26436,-1,,RBV3,25033,-1,,RBX3,24794,1,,RBZ3,24733,1
RBM3,27175,-1,,RBN3,27014,6,,RBQ3,26771,1,,RBU3,26436,-1,,RBV3,25033,-1,,RBX3,24794,1,,RBZ3,24733,1
RBM3,27175,-1,,RBN3,27015,1,,RBQ3,26771,1,,RBU3,26436,-1,,RBV3,25033,-1,,RBX3,24794,1,,RBZ3,24733,1
RBM3,27175,-1,,RBN3,27017,1,,RBQ3,26771,1,,RBU3,26437,-1,,RBV3,25033,-1,,RBX3,24795,1,,RBZ3,24733,1
RBM3,27175,-1,,RBN3,27017,1,,RBQ3,26772,1,,RBU3,26437,-1,,RBV3,25033,-1,,RBX3,24847,-2,,RBZ3,24733,1
RBM3,27175,-1,,RBN3,27017,1,,RBQ3,26773,-1,,RBU3,26437,-1,,RBV3,25033,-1,,RBX3,24847,-1,,RBZ3,24733,1
RBM3,27175,-1,,RBN3,27017,1,,RBQ3,26775,1,,RBU3,26437,-1,,RBV3,25033,-1,,RBX3,24847,-1,,RBZ3,24734,-1
RBM3,27175,-1,,RBN3,27017,1,,RBQ3,26777,1,,RBU3,26437,-1,,RBV3,25033,-1,,RBX3,24847,-1,,RBZ3,24740,1
RBM3,27176,-1,,RBN3,27017,1,,RBQ3,26777,1,,RBU3,26448,-1,,RBV3,25033,-1,,RBX3,24847,-1,,RBZ3,24741,1
RBM3,27176,-1,,RBN3,27017,1,,RBQ3,26777,1,,RBU3,26448,-1,,RBV3,25033,-1,,RBX3,24847,-1,,RBZ3,24741,-1
RBM3,27176,-1,,RBN3,27017,1,,RBQ3,26778,-1,,RBU3,26448,-1,,RBV3,25033,-1,,RBX3,24847,-1,,RBZ3,24741,-1
RBM3,27176,-1,,RBN3,27020,1,,RBQ3,26778,-1,,RBU3,26448,-1,,RBV3,25033,-1,,RBX3,24847,-1,,RBZ3,24741,-1
RBM3,27176,-1,,RBN3,27020,1,,RBQ3,26778,-1,,RBU3,26449,-1,,RBV3,25033,-1,,RBX3,24847,-1,,RBZ3,24741,-1
RBM3,27176,-1,,RBN3,27020,1,,RBQ3,26778,1,,RBU3,26449,-1,,RBV3,25033,1,,RBX3,24847,-1,,RBZ3,24741,-2
RBM3,27176,-1,,RBN3,27030,1,,RBQ3,26778,1,,RBU3,26449,-1,,RBV3,25033,1,,RBX3,24847,-1,,RBZ3,24741,-2
RBM3,27176,-1,,RBN3,27034,1,,RBQ3,26778,1,,RBU3,26464,-1,,RBV3,25033,1,,RBX3,24847,-1,,RBZ3,24745,-1
RBM3,27176,-1,,RBN3,27034,1,,RBQ3,26778,1,,RBU3,26464,-3,,RBV3,25033,1,,RBX3,24847,-1,,RBZ3,24745,-1
RBM3,27176,-1,,RBN3,27034,1,,RBQ3,26784,1,,RBU3,26464,-3,,RBV3,25033,1,,RBX3,24847,-1,,RBZ3,24745,-1
RBM3,27176,-1,,RBN3,27034,1,,RBQ3,26784,3,,RBU3,26464,-3,,RBV3,25047,2,,RBX3,24847,-1,,RBZ3,24746,10
RBM3,27176,-1,,RBN3,27034,1,,RBQ3,26784,3,,RBU3,26464,-3,,RBV3,25047,2,,RBX3,24847,-1,,RBZ3,24748,-1
RBM3,27176,-1,,RBN3,27034,1,,RBQ3,26784,3,,RBU3,26464,-3,,RBV3,25047,1,,RBX3,24847,-1,,RBZ3,24748,-1
RBM3,27176,-3,,RBN3,27034,1,,RBQ3,26784,3,,RBU3,26464,-2,,RBV3,25047,1,,RBX3,24847,-1,,RBZ3,24748,-1
RBM3,27176,-10,,RBN3,27035,1,,RBQ3,26784,3,,RBU3,26467,-1,,RBV3,25047,1,,RBX3,24847,-1,,RBZ3,24748,-1
RBM3,27176,-1,,RBN3,27035,1,,RBQ3,26784,2,,RBU3,26467,-1,,RBV3,25047,1,,RBX3,24847,-1,,RBZ3,24748,-1
RBM3,27236,-1,,RBN3,27035,1,,RBQ3,26788,-1,,RBU3,26481,2,,RBV3,25047,1,,RBX3,24853,-2,,RBZ3,24748,-1
RBM3,27253,-2,,RBN3,27035,1,,RBQ3,26797,-1,,RBU3,26482,-2,,RBV3,25047,1,,RBX3,24853,-2,,RBZ3,24748,-1
RBM3,27257,5,,RBN3,27035,1,,RBQ3,26797,-1,,RBU3,26482,-2,,RBV3,25048,2,,RBX3,24853,-2,,RBZ3,24748,-1
RBM3,27257,1,,RBN3,27035,1,,RBQ3,26798,-1,,RBU3,26482,-1,,RBV3,25048,2,,RBX3,24853,-2,,RBZ3,24748,-1
RBM3,27257,4,,RBN3,27035,1,,RBQ3,26798,-1,,RBU3,26482,-1,,RBV3,25048,2,,RBX3,24853,-4,,RBZ3,24748,-1
RBM3,27257,5,,RBN3,27035,3,,RBQ3,26798,-1,,RBU3,26482,-1,,RBV3,25048,2,,RBX3,24853,-4,,RBZ3,24749,-2
RBM3,27257,1,,RBN3,27036,10,,RBQ3,26798,1,,RBU3,26482,-1,,RBV3,25049,2,,RBX3,24853,-2,,RBZ3,24749,-1
RBM3,27257,4,,RBN3,27039,1,,RBQ3,26805,1,,RBU3,26482,-1,,RBV3,25049,2,,RBX3,24854,-1,,RBZ3,24749,-1
RBM3,27265,-1,,RBN3,27039,1,,RBQ3,26805,1,,RBU3,26482,-1,,RBV3,25049,2,,RBX3,24854,-1,,RBZ3,24749,-1
RBM3,27267,-1,,RBN3,27040,1,,RBQ3,26805,1,,RBU3,26482,2,,RBV3,25049,2,,RBX3,24854,-1,,RBZ3,24750,-1
RBM3,27267,-1,,RBN3,27040,1,,RBQ3,26805,1,,RBU3,26482,2,,RBV3,25049,2,,RBX3,24854,-1,,RBZ3,24750,-1
RBM3,27267,-1,,RBN3,27040,1,,RBQ3,26805,1,,RBU3,26482,2,,RBV3,25049,2,,RBX3,24854,-1,,RBZ3,24750,1
RBM3,27267,-1,,RBN3,27087,1,,RBQ3,26805,1,,RBU3,26482,2,,RBV3,25049,2,,RBX3,24854,-1,,RBZ3,24750,1
RBM3,27267,-1,,RBN3,27103,2,,RBQ3,26805,1,,RBU3,26482,2,,RBV3,25050,2,,RBX3,24856,1,,RBZ3,24750,1
RBM3,27267,-1,,RBN3,27108,1,,RBQ3,26805,1,,RBU3,26482,-2,,RBV3,25050,2,,RBX3,24856,1,,RBZ3,24757,1
RBM3,27267,-1,,RBN3,27147,-1,,RBQ3,26805,1,,RBU3,26482,-2,,RBV3,25050,2,,RBX3,24856,1,,RBZ3,24757,1
RBM3,27305,1,,RBN3,27155,-1,,RBQ3,26805,1,,RBU3,26482,-2,,RBV3,25050,2,,RBX3,24858,-1,,RBZ3,24759,1
RBM3,27319,1,,RBN3,27156,-1,,RBQ3,26805,1,,RBU3,26482,-2,,RBV3,25050,2,,RBX3,24860,-10,,RBZ3,24759,2
RBM3,27320,1,,RBN3,27160,-1,,RBQ3,26820,-1,,RBU3,26482,-2,,RBV3,25050,2,,RBX3,24861,1,,RBZ3,24759,1
RBM3,27320,2,,RBN3,27160,-2,,RBQ3,26820,-1,,RBU3,26482,-2,,RBV3,25051,2,,RBX3,24861,1,,RBZ3,24759,1
RBM3,27320,1,,RBN3,27160,-1,,RBQ3,26820,-1,,RBU3,26482,-2,,RBV3,25051,2,,RBX3,24863,-1,,RBZ3,24759,1
RBM3,27320,1,,RBN3,27160,-1,,RBQ3,26820,1,,RBU3,26482,-2,,RBV3,25051,2,,RBX3,24863,-1,,RBZ3,24759,1
RBM3,27320,1,,RBN3,27160,-1,,RBQ3,26820,1,,RBU3,26482,1,,RBV3,25052,2,,RBX3,24863,-1,,RBZ3,24759,1
RBM3,27320,-1,,RBN3,27161,-1,,RBQ3,26820,1,,RBU3,26482,1,,RBV3,25052,-1,,RBX3,24863,-1,,RBZ3,24759,1
RBM3,27325,-1,,RBN3,27162,-1,,RBQ3,26820,1,,RBU3,26482,1,,RBV3,25052,-1,,RBX3,24863,-1,,RBZ3,24759,1
RBM3,27325,2,,RBN3,27162,-1,,RBQ3,26820,1,,RBU3,26482,1,,RBV3,25052,-1,,RBX3,24865,2,,RBZ3,24759,2
RBM3,27327,1,,RBN3,27165,-1,,RBQ3,26820,1,,RBU3,26482,2,,RBV3,25052,-1,,RBX3,24865,1,,RBZ3,24759,1
RBM3,27343,1,,RBN3,27166,-2,,RBQ3,26820,1,,RBU3,26482,2,,RBV3,25052,-1,,RBX3,24865,1,,RBZ3,24759,1
RBM3,27344,-1,,RBN3,27169,-1,,RBQ3,26820,1,,RBU3,26482,-2,,RBV3,25052,-1,,RBX3,24865,1,,RBZ3,24759,1
RBM3,27350,1,,RBN3,27171,-1,,RBQ3,26820,1,,RBU3,26482,-2,,RBV3,25052,-1,,RBX3,24865,1,,RBZ3,24759,1
RBM3,27350,2,,RBN3,27177,-1,,RBQ3,26820,1,,RBU3,26482,-2,,RBV3,25052,-1,,RBX3,24865,1,,RBZ3,24759,1
RBM3,27350,-1,,RBN3,27177,-1,,RBQ3,26820,1,,RBU3,26482,-2,,RBV3,25052,-1,,RBX3,24865,1,,RBZ3,24759,1
RBM3,27356,-1,,RBN3,27182,1,,RBQ3,26820,1,,RBU3,26482,-2,,RBV3,25052,-1,,RBX3,24865,1,,RBZ3,24759,1
RBM3,27370,2,,RBN3,27182,-2,,RBQ3,26820,1,,RBU3,26482,-2,,RBV3,25053,-1,,RBX3,24865,1,,RBZ3,24759,1
RBM3,27515,1,,RBN3,27184,-1,,RBQ3,26820,1,,RBU3,26482,-2,,RBV3,25053,-1,,RBX3,24865,1,,RBZ3,24760,9
RBM3,27539,1,,RBN3,27185,-1,,RBQ3,26820,1,,RBU3,26482,-2,,RBV3,25053,-1,,RBX3,24865,1,,RBZ3,24760,1
RBM3,27541,1,,RBN3,27185,-2,,RBQ3,26820,1,,RBU3,26482,1,,RBV3,25053,-1,,RBX3,24865,1,,RBZ3,24760,2
RBM3,27543,1,,RBN3,27216,-2,,RBQ3,26820,1,,RBU3,26482,1,,RBV3,25055,2,,RBX3,24865,1,,RBZ3,24760,1
RBM3,27550,1,,RBN3,27339,-2,,RBQ3,26820,1,,RBU3,26482,1,,RBV3,25057,-1,,RBX3,24865,1,,RBZ3,24760,1
RBM3,27550,1,,RBN3,27339,-1,,RBQ3,26820,1,,RBU3,26482,1,,RBV3,25058,-2,,RBX3,24865,-1,,RBZ3,24760,1
RBM3,27550,-1,,RBN3,27344,-1,,RBQ3,26820,1,,RBU3,26482,1,,RBV3,25058,-2,,RBX3,24865,-1,,RBZ3,24760,1
RBM3,27550,1,,RBN3,27372,-1,,RBQ3,26825,-1,,RBU3,26482,1,,RBV3,25058,-2,,RBX3,24865,-1,,RBZ3,24760,1
RBM3,27550,2,,RBN3,27373,-1,,RBQ3,26825,-1,,RBU3,26482,1,,RBV3,25058,-1,,RBX3,24865,-1,,RBZ3,24760,1
RBM3,27550,-1,,RBN3,27375,-2,,RBQ3,26825,-1,,RBU3,26482,1,,RBV3,25059,2,,RBX3,24865,-1,,RBZ3,24760,1
RBM3,27550,1,,RBN3,27378,-1,,RBQ3,26825,-1,,RBU3,26482,1,,RBV3,25060,2,,RBX3,24865,-1,,RBZ3,24760,1
RBM3,27552,1,,RBN3,27378,-1,,RBQ3,26825,-1,,RBU3,26482,1,,RBV3,25060,2,,RBX3,24866,-1,,RBZ3,24760,1
RBM3,27557,1,,RBN3,27379,-1,,RBQ3,26825,-1,,RBU3,26482,-2,,RBV3,25060,2,,RBX3,24867,-1,,RBZ3,24764,1
RBM3,27559,1,,RBN3,27379,-1,,RBQ3,26825,-1,,RBU3,26482,-2,,RBV3,25060,2,,RBX3,24868,-1,,RBZ3,24768,-1
RBM3,27559,1,,RBN3,27379,-1,,RBQ3,26834,-1,,RBU3,26482,-2,,RBV3,25060,2,,RBX3,24868,-1,,RBZ3,24768,-1
RBM3,27559,1,,RBN3,27379,-1,,RBQ3,26834,-1,,RBU3,26482,-2,,RBV3,25060,2,,RBX3,24869,-1,,RBZ3,24768,-1
RBM3,27559,1,,RBN3,27379,-2,,RBQ3,26834,-1,,RBU3,26482,-2,,RBV3,25061,2,,RBX3,24873,-1,,RBZ3,24768,-1
RBM3,27560,1,,RBN3,27379,-1,,RBQ3,26834,-1,,RBU3,26482,1,,RBV3,25061,2,,RBX3,24873,-1,,RBZ3,24768,-1
RBM3,27560,1,,RBN3,27380,-1,,RBQ3,26834,-1,,RBU3,26482,1,,RBV3,25061,2,,RBX3,24873,-1,,RBZ3,24768,-1
RBM3,27560,1,,RBN3,27380,-1,,RBQ3,26834,-1,,RBU3,26482,1,,RBV3,25061,2,,RBX3,24873,-2,,,,
RBM3,27562,1,,RBN3,27381,-1,,RBQ3,26834,-1,,RBU3,26482,1,,RBV3,25061,2,,RBX3,24873,-1,,,,
RBM3,27562,1,,RBN3,27381,-1,,RBQ3,26834,-1,,RBU3,26482,2,,RBV3,25061,2,,RBX3,24873,-1,,,,
RBM3,27562,1,,RBN3,27381,-1,,RBQ3,26834,-1,,RBU3,26483,2,,RBV3,25061,2,,RBX3,24873,-1,,,,
RBM3,27568,1,,RBN3,27381,-1,,RBQ3,26834,-1,,RBU3,26484,1,,RBV3,25061,2,,RBX3,24873,-1,,,,
RBM3,27568,1,,RBN3,27383,-1,,RBQ3,26834,2,,RBU3,26492,-2,,RBV3,25061,2,,RBX3,24873,-1,,,,
RBM3,27569,1,,RBN3,27383,-1,,RBQ3,26834,1,,RBU3,26492,-2,,RBV3,25062,1,,RBX3,24873,-1,,,,
RBM3,27570,-1,,RBN3,27384,-1,,RBQ3,26834,1,,RBU3,26492,-2,,RBV3,25062,2,,RBX3,24873,-1,,,,
RBM3,27570,2,,RBN3,27384,-1,,RBQ3,26838,-1,,RBU3,26492,-1,,RBV3,25062,2,,RBX3,24873,-2,,,,
RBM3,27576,1,,RBN3,27384,-1,,RBQ3,26838,-1,,RBU3,26492,-2,,RBV3,25062,2,,RBX3,24873,-1,,,,
RBM3,27576,1,,RBN3,27384,-1,,RBQ3,26839,-2,,RBU3,26492,-2,,RBV3,25062,2,,RBX3,24873,-1,,,,
RBM3,27576,1,,RBN3,27388,-1,,RBQ3,26839,1,,RBU3,26492,-2,,RBV3,25063,-2,,RBX3,24873,-1,,,,
RBM3,27576,1,,RBN3,27388,-1,,RBQ3,26839,1,,RBU3,26492,-2,,RBV3,25063,-2,,RBX3,24873,-1,,,,
RBM3,27576,1,,RBN3,27388,-1,,RBQ3,26841,-1,,RBU3,26492,2,,RBV3,25063,-2,,RBX3,24873,-1,,,,
RBM3,27576,1,,RBN3,27389,-1,,RBQ3,26843,-1,,RBU3,26492,2,,RBV3,25063,2,,RBX3,24873,-1,,,,
RBM3,27576,1,,RBN3,27389,-1,,RBQ3,26845,-1,,RBU3,26492,2,,RBV3,25063,-2,,RBX3,24873,-1,,,,
RBM3,27576,1,,RBN3,27389,-1,,RBQ3,26848,-1,,RBU3,26492,2,,RBV3,25063,-1,,RBX3,24873,-1,,,,
RBM3,27576,1,,RBN3,27389,-1,,RBQ3,26848,-1,,RBU3,26492,-2,,RBV3,25063,-1,,RBX3,24873,-1,,,,
RBM3,27576,-1,,RBN3,27389,-1,,RBQ3,26866,1,,RBU3,26492,-2,,RBV3,25063,1,,RBX3,24874,-9,,,,
RBM3,27576,-1,,RBN3,27389,-1,,RBQ3,26869,1,,RBU3,26492,-2,,RBV3,25064,-2,,RBX3,24874,-1,,,,
RBM3,27576,-1,,RBN3,27389,-1,,RBQ3,26870,1,,RBU3,26492,-2,,RBV3,25064,-2,,RBX3,24874,-2,,,,
RBM3,27576,1,,RBN3,27390,-1,,RBQ3,26870,1,,RBU3,26492,-2,,RBV3,25064,-2,,RBX3,24874,-1,,,,
RBM3,27577,2,,RBN3,27393,-1,,RBQ3,26871,1,,RBU3,26492,1,,RBV3,25064,-2,,RBX3,24874,-1,,,,
RBM3,27577,2,,RBN3,27393,-2,,RBQ3,26871,1,,RBU3,26492,1,,RBV3,25064,-1,,RBX3,24874,-1,,,,
RBM3,27577,2,,RBN3,27393,-1,,RBQ3,26885,1,,RBU3,26492,1,,RBV3,25064,-2,,RBX3,24874,-1,,,,
RBM3,27577,-1,,RBN3,27393,-1,,RBQ3,26902,1,,RBU3,26492,1,,RBV3,25065,-2,,RBX3,24874,-1,,,,
RBM3,27577,1,,RBN3,27400,-1,,RBQ3,26903,1,,RBU3,26492,1,,RBV3,25065,-2,,RBX3,24874,-1,,,,
RBM3,27577,1,,RBN3,27400,-1,,RBQ3,26905,1,,RBU3,26492,1,,RBV3,25065,-2,,RBX3,24874,-1,,,,
RBM3,27577,1,,RBN3,27400,-2,,RBQ3,26905,1,,RBU3,26492,2,,RBV3,25065,-1,,RBX3,24874,-1,,,,
RBM3,27577,1,,RBN3,27400,-1,,RBQ3,26909,1,,RBU3,26492,2,,RBV3,25065,-1,,RBX3,24874,-1,,,,
RBM3,27577,1,,RBN3,27400,-1,,RBQ3,26909,1,,RBU3,26492,2,,RBV3,25065,-1,,RBX3,24874,-1,,,,
RBM3,27581,1,,RBN3,27400,-1,,RBQ3,26909,1,,RBU3,26492,1,,RBV3,25065,-1,,RBX3,24874,-1,,,,
RBM3,27582,1,,RBN3,27400,-1,,RBQ3,26911,1,,RBU3,26492,1,,RBV3,25065,-1,,RBX3,24874,-1,,,,
RBM3,27582,1,,RBN3,27400,-2,,RBQ3,26914,1,,RBU3,26492,2,,RBV3,25065,-1,,RBX3,24874,-1,,,,
RBM3,27582,1,,RBN3,27400,-1,,RBQ3,26916,1,,RBU3,26492,-2,,RBV3,25065,-1,,RBX3,24874,-1,,,,
RBM3,27582,-1,,RBN3,27400,-1,,RBQ3,26921,2,,RBU3,26492,-2,,RBV3,25065,-2,,RBX3,24876,-1,,,,
RBM3,27583,1,,RBN3,27400,-1,,RBQ3,26922,1,,RBU3,26492,-2,,RBV3,25065,-1,,RBX3,24892,1,,,,
RBM3,27583,1,,RBN3,27400,-1,,RBQ3,26922,2,,RBU3,26492,-2,,RBV3,25065,-2,,RBX3,24892,1,,,,
RBM3,27595,1,,RBN3,27400,-1,,RBQ3,26922,1,,RBU3,26492,-2,,RBV3,25066,-2,,RBX3,24892,1,,,,
RBM3,27595,1,,RBN3,27400,-1,,RBQ3,26922,1,,RBU3,26492,-2,,RBV3,25066,-1,,RBX3,24892,1,,,,
RBM3,27595,1,,RBN3,27400,-1,,RBQ3,26922,-1,,RBU3,26492,1,,RBV3,25066,-1,,RBX3,24892,1,,,,
RBM3,27595,1,,RBN3,27400,-1,,RBQ3,26922,4,,RBU3,26492,1,,RBV3,25066,-1,,RBX3,24892,1,,,,
RBM3,27601,1,,RBN3,27400,-1,,RBQ3,26924,1,,RBU3,26492,2,,RBV3,25066,-1,,RBX3,25024,1,,,,
RBM3,27611,1,,RBN3,27400,-1,,RBQ3,26925,1,,RBU3,26492,2,,RBV3,25066,-2,,RBX3,25041,1,,,,
RBM3,27611,1,,RBN3,27400,-1,,RBQ3,26934,-1,,RBU3,26492,2,,RBV3,25067,-2,,RBX3,25041,1,,,,
RBM3,27611,1,,RBN3,27400,-1,,RBQ3,26938,1,,RBU3,26492,2,,RBV3,25067,-1,,RBX3,25041,1,,,,
RBM3,27611,-1,,RBN3,27401,-2,,RBQ3,26938,1,,RBU3,26492,1,,RBV3,25067,-1,,RBX3,25041,1,,,,
RBM3,27611,1,,RBN3,27403,-1,,RBQ3,26939,1,,RBU3,26492,1,,RBV3,25067,-1,,RBX3,25041,1,,,,
RBM3,27611,-1,,RBN3,27404,-1,,RBQ3,26939,1,,RBU3,26492,-2,,RBV3,25068,-2,,RBX3,25041,1,,,,
RBM3,27612,1,,RBN3,27404,-1,,RBQ3,26946,-1,,RBU3,26492,-2,,RBV3,25069,-2,,RBX3,25041,1,,,,
RBM3,27621,1,,RBN3,27404,-1,,RBQ3,26946,1,,RBU3,26492,-2,,RBV3,25080,-1,,RBX3,25041,1,,,,
RBM3,27628,1,,RBN3,27404,-1,,RBQ3,26946,1,,RBU3,26492,-1,,RBV3,25080,-1,,RBX3,25041,1,,,,
RBM3,27628,1,,RBN3,27404,-1,,RBQ3,26946,1,,RBU3,26492,1,,RBV3,25080,-1,,RBX3,25041,1,,,,
RBM3,27628,-1,,RBN3,27404,-1,,RBQ3,26948,1,,RBU3,26492,1,,RBV3,25080,-1,,RBX3,25286,1,,,,
RBM3,27630,1,,RBN3,27404,-1,,RBQ3,26952,4,,RBU3,26492,1,,RBV3,25080,-1,,RBX3,25286,1,,,,
RBM3,27639,1,,RBN3,27404,-1,,RBQ3,26952,1,,RBU3,26511,1,,RBV3,25080,-1,,RBX3,25286,1,,,,
RBM3,27639,1,,RBN3,27405,-2,,RBQ3,26978,1,,RBU3,26511,1,,RBV3,25080,-1,,RBX3,25286,1,,,,
RBM3,27639,-1,,RBN3,27405,-2,,RBQ3,26983,-1,,RBU3,26511,1,,RBV3,25080,-1,,RBX3,25286,1,,,,
RBM3,27639,1,,RBN3,27405,-1,,RBQ3,26983,1,,RBU3,26511,1,,RBV3,25080,-1,,RBX3,25286,1,,,,
RBM3,27639,1,,RBN3,27405,-1,,RBQ3,26991,1,,RBU3,26511,1,,RBV3,25082,1,,RBX3,25297,1,,,,
RBM3,27647,1,,RBN3,27405,-1,,RBQ3,26991,1,,RBU3,26511,1,,RBV3,25082,1,,RBX3,25342,1,,,,
RBM3,27647,1,,RBN3,27405,-1,,RBQ3,26991,1,,RBU3,26511,1,,RBV3,25082,1,,RBX3,25348,1,,,,
RBM3,27647,-1,,RBN3,27405,-1,,RBQ3,26991,1,,RBU3,26511,1,,RBV3,25082,1,,RBX3,25357,1,,,,
RBM3,27648,1,,RBN3,27406,-1,,RBQ3,26991,1,,RBU3,26511,1,,RBV3,25082,1,,RBX3,25359,1,,,,
RBM3,27650,1,,RBN3,27406,-1,,RBQ3,26991,1,,RBU3,26511,1,,RBV3,25082,1,,RBX3,25360,1,,,,
RBM3,27669,1,,RBN3,27406,-1,,RBQ3,26991,1,,RBU3,26511,1,,RBV3,25082,-4,,RBX3,25361,1,,,,
RBM3,27671,1,,RBN3,27406,-1,,RBQ3,26991,1,,RBU3,26511,1,,RBV3,25082,-5,,RBX3,25364,1,,,,
RBM3,27674,1,,RBN3,27406,-1,,RBQ3,26991,1,,RBU3,26515,-1,,RBV3,25082,-1,,RBX3,25368,1,,,,
RBM3,27680,1,,RBN3,27406,-1,,RBQ3,26991,1,,RBU3,26515,-1,,RBV3,25082,-4,,,,,,,,
RBM3,27680,1,,RBN3,27406,-1,,RBQ3,26991,1,,RBU3,26515,-1,,RBV3,25082,-5,,,,,,,,
RBM3,27680,1,,RBN3,27406,-2,,RBQ3,26992,1,,RBU3,26515,-1,,RBV3,25082,-1,,,,,,,,
RBM3,27680,-1,,RBN3,27418,1,,RBQ3,26992,1,,RBU3,26515,-1,,RBV3,25082,-3,,,,,,,,
RBM3,27682,1,,RBN3,27418,1,,RBQ3,26992,1,,RBU3,26515,-1,,RBV3,25082,-5,,,,,,,,
,,,,RBN3,27418,1,,RBQ3,26992,1,,RBU3,26515,-1,,RBV3,25082,-2,,,,,,,,
,,,,RBN3,27418,1,,RBQ3,26992,1,,RBU3,26515,-1,,RBV3,25083,3,,,,,,,,
,,,,RBN3,27418,1,,RBQ3,26992,1,,RBU3,26515,-1,,RBV3,25083,5,,,,,,,,
,,,,RBN3,27418,1,,RBQ3,26992,1,,RBU3,26515,-1,,RBV3,25083,2,,,,,,,,
,,,,RBN3,27418,1,,RBQ3,26992,1,,RBU3,26515,-1,,RBV3,25083,1,,,,,,,,
,,,,RBN3,27418,-1,,RBQ3,26992,1,,RBU3,26515,-1,,RBV3,25083,1,,,,,,,,
,,,,RBN3,27418,-1,,RBQ3,26992,1,,RBU3,26515,-1,,RBV3,25083,1,,,,,,,,
,,,,RBN3,27418,-1,,RBQ3,26992,1,,RBU3,26515,-1,,RBV3,25083,5,,,,,,,,
,,,,RBN3,27419,-1,,RBQ3,27073,2,,RBU3,26515,-1,,RBV3,25083,5,,,,,,,,
,,,,RBN3,27419,-1,,RBQ3,27073,1,,RBU3,26515,-1,,RBV3,25083,5,,,,,,,,
,,,,RBN3,27419,-1,,RBQ3,27101,-1,,RBU3,26515,-1,,RBV3,25083,5,,,,,,,,
,,,,RBN3,27419,-1,,RBQ3,27102,-1,,RBU3,26515,-1,,RBV3,25083,2,,,,,,,,
,,,,RBN3,27421,-1,,RBQ3,27104,-1,,RBU3,26515,-1,,RBV3,25083,5,,,,,,,,
,,,,RBN3,27421,-1,,RBQ3,27107,1,,RBU3,26515,-1,,RBV3,25083,3,,,,,,,,
,,,,RBN3,27421,-1,,RBQ3,27108,1,,RBU3,26518,1,,RBV3,25083,2,,,,,,,,
,,,,RBN3,27421,-1,,RBQ3,27108,1,,RBU3,26518,1,,RBV3,25083,5,,,,,,,,
,,,,RBN3,27429,-1,,RBQ3,27109,-1,,RBU3,26518,1,,RBV3,25083,3,,,,,,,,
,,,,RBN3,27429,-1,,RBQ3,27109,1,,RBU3,26518,1,,RBV3,25083,2,,,,,,,,
,,,,RBN3,27429,-1,,RBQ3,27109,1,,RBU3,26518,1,,RBV3,25083,5,,,,,,,,
,,,,RBN3,27436,-1,,RBQ3,27109,2,,RBU3,26518,1,,RBV3,25083,3,,,,,,,,
,,,,RBN3,27436,-1,,RBQ3,27111,1,,RBU3,26518,1,,RBV3,25083,2,,,,,,,,
,,,,RBN3,27436,-1,,RBQ3,27111,1,,RBU3,26519,4,,RBV3,25083,5,,,,,,,,
,,,,RBN3,27445,-1,,RBQ3,27111,1,,RBU3,26519,5,,RBV3,25083,3,,,,,,,,
,,,,RBN3,27445,-1,,RBQ3,27111,1,,RBU3,26519,1,,RBV3,25083,2,,,,,,,,
,,,,RBN3,27445,-2,,RBQ3,27111,1,,RBU3,26519,4,,RBV3,25083,5,,,,,,,,
,,,,RBN3,27446,-1,,RBQ3,27111,1,,RBU3,26519,5,,RBV3,25083,3,,,,,,,,
,,,,RBN3,27448,-1,,RBQ3,27112,1,,RBU3,26519,1,,RBV3,25083,2,,,,,,,,
,,,,RBN3,27448,-1,,RBQ3,27112,1,,RBU3,26519,3,,RBV3,25083,5,,,,,,,,
,,,,RBN3,27450,-1,,RBQ3,27112,1,,RBU3,26519,5,,RBV3,25083,3,,,,,,,,
,,,,RBN3,27455,-1,,RBQ3,27113,1,,RBU3,26519,2,,RBV3,25083,2,,,,,,,,
,,,,RBN3,27455,-1,,RBQ3,27113,1,,RBU3,26520,2,,RBV3,25083,5,,,,,,,,
,,,,RBN3,27455,-1,,RBQ3,27113,-1,,RBU3,26520,1,,RBV3,25083,3,,,,,,,,
,,,,RBN3,27455,-1,,RBQ3,27113,1,,RBU3,26520,3,,RBV3,25083,2,,,,,,,,
,,,,RBN3,27460,-1,,RBQ3,27120,1,,RBU3,26520,4,,RBV3,25083,1,,,,,,,,
,,,,RBN3,27467,-1,,RBQ3,27120,1,,RBU3,26520,3,,RBV3,25083,1,,,,,,,,
,,,,RBN3,27467,-1,,RBQ3,27120,1,,RBU3,26520,2,,RBV3,25083,1,,,,,,,,
,,,,RBN3,27470,-1,,RBQ3,27120,1,,RBU3,26520,1,,RBV3,25083,1,,,,,,,,
,,,,RBN3,27470,-1,,RBQ3,27120,1,,RBU3,26520,4,,RBV3,25083,1,,,,,,,,
,,,,RBN3,27470,-1,,RBQ3,27121,1,,RBU3,26520,1,,RBV3,25088,1,,,,,,,,
,,,,RBN3,27471,-1,,RBQ3,27130,1,,RBU3,26522,1,,RBV3,25089,-2,,,,,,,,
,,,,RBN3,27492,-1,,RBQ3,27130,2,,RBU3,26522,6,,RBV3,25089,-1,,,,,,,,
,,,,RBN3,27494,-1,,RBQ3,27130,1,,RBU3,26522,2,,RBV3,25089,-3,,,,,,,,
,,,,RBN3,27497,-1,,RBQ3,27130,1,,RBU3,26522,1,,RBV3,25089,-4,,,,,,,,
,,,,RBN3,27498,-1,,RBQ3,27130,1,,RBU3,26522,1,,RBV3,25089,-3,,,,,,,,
,,,,RBN3,27498,-1,,RBQ3,27130,1,,RBU3,26522,1,,RBV3,25089,-2,,,,,,,,
,,,,RBN3,27498,-1,,RBQ3,27130,2,,RBU3,26522,1,,RBV3,25089,-1,,,,,,,,
,,,,RBN3,27498,-2,,RBQ3,27130,1,,RBU3,26522,1,,RBV3,25089,-4,,,,,,,,
,,,,RBN3,27500,-1,,RBQ3,27130,1,,RBU3,26522,1,,RBV3,25089,-1,,,,,,,,
,,,,RBN3,27500,-1,,RBQ3,27130,1,,RBU3,26525,1,,RBV3,25091,1,,,,,,,,
,,,,RBN3,27503,-1,,RBQ3,27130,1,,RBU3,26525,1,,RBV3,25091,1,,,,,,,,
,,,,RBN3,27503,-1,,RBQ3,27130,1,,RBU3,26525,1,,RBV3,25091,1,,,,,,,,
,,,,RBN3,27505,-1,,RBQ3,27130,1,,RBU3,26525,1,,RBV3,25091,-1,,,,,,,,
,,,,RBN3,27615,1,,RBQ3,27130,1,,RBU3,26525,1,,RBV3,25091,-6,,,,,,,,
,,,,RBN3,27615,1,,RBQ3,27130,1,,RBU3,26525,1,,RBV3,25091,-2,,,,,,,,
,,,,,,,,RBQ3,27130,1,,RBU3,26525,1,,RBV3,25091,-1,,,,,,,,
,,,,,,,,RBQ3,27130,1,,RBU3,26525,1,,RBV3,25091,1,,,,,,,,
,,,,,,,,RBQ3,27130,1,,RBU3,26525,1,,RBV3,25091,1,,,,,,,,
,,,,,,,,RBQ3,27130,1,,RBU3,26525,1,,RBV3,25094,1,,,,,,,,
,,,,,,,,RBQ3,27134,1,,RBU3,26527,1,,RBV3,25094,1,,,,,,,,
,,,,,,,,RBQ3,27134,1,,RBU3,26527,1,,RBV3,25094,1,,,,,,,,
,,,,,,,,RBQ3,27134,1,,RBU3,26527,1,,RBV3,25094,1,,,,,,,,
,,,,,,,,RBQ3,27135,1,,RBU3,26527,1,,RBV3,25094,1,,,,,,,,
,,,,,,,,RBQ3,27135,1,,RBU3,26527,1,,RBV3,25094,1,,,,,,,,
,,,,,,,,RBQ3,27135,-1,,RBU3,26527,1,,RBV3,25094,1,,,,,,,,
,,,,,,,,RBQ3,27136,1,,RBU3,26527,1,,RBV3,25097,-2,,,,,,,,
,,,,,,,,RBQ3,27136,1,,RBU3,26528,2,,RBV3,25097,-1,,,,,,,,
,,,,,,,,RBQ3,27136,-1,,RBU3,26528,1,,RBV3,25097,-7,,,,,,,,
,,,,,,,,RBQ3,27136,1,,RBU3,26528,7,,RBV3,25099,-2,,,,,,,,
,,,,,,,,RBQ3,27136,2,,RBU3,26529,1,,RBV3,25099,-2,,,,,,,,
,,,,,,,,RBQ3,27146,-1,,RBU3,26529,1,,RBV3,25099,-2,,,,,,,,
,,,,,,,,RBQ3,27146,-1,,RBU3,26529,-2,,RBV3,25099,-4,,,,,,,,
,,,,,,,,RBQ3,27146,-1,,RBU3,26529,-1,,RBV3,25099,-10,,,,,,,,
,,,,,,,,RBQ3,27146,-1,,RBU3,26529,-1,,RBV3,25101,1,,,,,,,,
,,,,,,,,RBQ3,27146,-1,,RBU3,26530,2,,RBV3,25101,1,,,,,,,,
,,,,,,,,RBQ3,27146,-1,,RBU3,26530,2,,RBV3,25101,1,,,,,,,,
,,,,,,,,RBQ3,27146,-1,,RBU3,26530,2,,RBV3,25101,1,,,,,,,,
,,,,,,,,RBQ3,27148,1,,RBU3,26530,4,,RBV3,25101,2,,,,,,,,
,,,,,,,,RBQ3,27148,1,,RBU3,26530,10,,RBV3,25101,2,,,,,,,,
,,,,,,,,RBQ3,27148,1,,RBU3,26532,-3,,RBV3,25103,1,,,,,,,,
,,,,,,,,RBQ3,27151,1,,RBU3,26532,-5,,RBV3,25103,1,,,,,,,,
,,,,,,,,RBQ3,27151,1,,RBU3,26532,-2,,RBV3,25103,1,,,,,,,,
,,,,,,,,RBQ3,27151,1,,RBU3,26532,-1,,RBV3,25103,1,,,,,,,,
,,,,,,,,RBQ3,27151,1,,RBU3,26532,-1,,RBV3,25103,1,,,,,,,,
,,,,,,,,RBQ3,27152,1,,RBU3,26532,-1,,RBV3,25103,1,,,,,,,,
,,,,,,,,RBQ3,27152,1,,RBU3,26532,-5,,RBV3,25103,1,,,,,,,,
,,,,,,,,RBQ3,27155,-1,,RBU3,26532,-5,,RBV3,25105,1,,,,,,,,
,,,,,,,,RBQ3,27166,-1,,RBU3,26532,-5,,RBV3,25106,-1,,,,,,,,
,,,,,,,,RBQ3,27166,1,,RBU3,26532,-5,,RBV3,25106,-1,,,,,,,,
,,,,,,,,RBQ3,27167,-2,,RBU3,26532,-2,,RBV3,25106,-1,,,,,,,,
,,,,,,,,RBQ3,27167,-1,,RBU3,26532,-5,,RBV3,25106,-1,,,,,,,,
,,,,,,,,RBQ3,27167,-1,,RBU3,26532,-3,,RBV3,25106,-1,,,,,,,,
,,,,,,,,RBQ3,27167,-1,,RBU3,26532,-2,,RBV3,25108,-1,,,,,,,,
,,,,,,,,RBQ3,27167,-1,,RBU3,26532,-5,,RBV3,25108,-1,,,,,,,,
,,,,,,,,RBQ3,27167,1,,RBU3,26532,-3,,RBV3,25108,-1,,,,,,,,
,,,,,,,,RBQ3,27168,-5,,RBU3,26532,-2,,RBV3,25108,-1,,,,,,,,
,,,,,,,,RBQ3,27168,-5,,RBU3,26532,-5,,RBV3,25108,-1,,,,,,,,
,,,,,,,,RBQ3,27173,1,,RBU3,26532,-3,,RBV3,25108,-2,,,,,,,,
,,,,,,,,RBQ3,27175,1,,RBU3,26532,-2,,RBV3,25108,-1,,,,,,,,
,,,,,,,,RBQ3,27175,1,,RBU3,26532,-5,,RBV3,25129,1,,,,,,,,
,,,,,,,,RBQ3,27175,2,,RBU3,26532,-3,,RBV3,25129,1,,,,,,,,
,,,,,,,,RBQ3,27177,1,,RBU3,26532,-2,,RBV3,25129,2,,,,,,,,
,,,,,,,,RBQ3,27185,1,,RBU3,26532,-5,,RBV3,25129,4,,,,,,,,
,,,,,,,,RBQ3,27194,-1,,RBU3,26532,-3,,RBV3,25129,1,,,,,,,,
,,,,,,,,RBQ3,27197,1,,RBU3,26532,-2,,RBV3,25129,1,,,,,,,,
,,,,,,,,RBQ3,27197,1,,RBU3,26532,-5,,RBV3,25130,-1,,,,,,,,
,,,,,,,,RBQ3,27200,1,,RBU3,26532,-3,,RBV3,25130,1,,,,,,,,
,,,,,,,,RBQ3,27200,1,,RBU3,26532,-2,,RBV3,25138,1,,,,,,,,
,,,,,,,,RBQ3,27228,1,,RBU3,26532,-5,,RBV3,25144,1,,,,,,,,
,,,,,,,,RBQ3,27228,1,,RBU3,26532,-3,,RBV3,25144,1,,,,,,,,
,,,,,,,,RBQ3,27228,1,,RBU3,26532,-2,,RBV3,25145,1,,,,,,,,
,,,,,,,,RBQ3,27228,2,,RBU3,26532,1,,RBV3,25152,1,,,,,,,,
,,,,,,,,RBQ3,27230,1,,RBU3,26532,-1,,RBV3,25182,-1,,,,,,,,
,,,,,,,,RBQ3,27230,1,,RBU3,26532,-1,,RBV3,25189,1,,,,,,,,
,,,,,,,,RBQ3,27233,-1,,RBU3,26532,-1,,RBV3,25189,-1,,,,,,,,
,,,,,,,,RBQ3,27233,1,,RBU3,26532,-1,,RBV3,25193,1,,,,,,,,
,,,,,,,,RBQ3,27340,-1,,RBU3,26532,-1,,RBV3,25193,1,,,,,,,,
,,,,,,,,RBQ3,27340,-1,,RBU3,26532,-1,,RBV3,25193,2,,,,,,,,
,,,,,,,,,,,,RBU3,26532,-1,,RBV3,25193,1,,,,,,,,
,,,,,,,,,,,,RBU3,26532,-1,,RBV3,25193,2,,,,,,,,
,,,,,,,,,,,,RBU3,26532,-1,,RBV3,25193,2,,,,,,,,
,,,,,,,,,,,,RBU3,26532,-1,,RBV3,25193,1,,,,,,,,
,,,,,,,,,,,,RBU3,26532,-1,,RBV3,25193,1,,,,,,,,
,,,,,,,,,,,,RBU3,26534,1,,RBV3,25193,1,,,,,,,,
,,,,,,,,,,,,RBU3,26534,-1,,RBV3,25193,1,,,,,,,,
,,,,,,,,,,,,RBU3,26534,-1,,RBV3,25193,1,,,,,,,,
,,,,,,,,,,,,RBU3,26534,-1,,RBV3,25193,2,,,,,,,,
,,,,,,,,,,,,RBU3,26536,1,,RBV3,25195,-1,,,,,,,,
,,,,,,,,,,,,RBU3,26539,1,,RBV3,25196,-1,,,,,,,,
,,,,,,,,,,,,RBU3,26539,1,,RBV3,25196,-1,,,,,,,,
,,,,,,,,,,,,RBU3,26539,1,,RBV3,25196,-1,,,,,,,,
,,,,,,,,,,,,RBU3,26539,1,,RBV3,25276,-1,,,,,,,,
,,,,,,,,,,,,RBU3,26539,1,,RBV3,25293,-1,,,,,,,,
,,,,,,,,,,,,RBU3,26539,1,,RBV3,25293,-1,,,,,,,,
,,,,,,,,,,,,RBU3,26539,1,,RBV3,25293,-1,,,,,,,,
,,,,,,,,,,,,RBU3,26539,2,,RBV3,25293,-1,,,,,,,,
,,,,,,,,,,,,RBU3,26539,1,,RBV3,25293,-1,,,,,,,,
,,,,,,,,,,,,RBU3,26558,-1,,RBV3,25293,-1,,,,,,,,
,,,,,,,,,,,,RBU3,26562,-1,,RBV3,25293,-1,,,,,,,,
,,,,,,,,,,,,RBU3,26577,-1,,RBV3,25293,-1,,,,,,,,
,,,,,,,,,,,,RBU3,26581,-1,,RBV3,25293,-1,,,,,,,,
,,,,,,,,,,,,RBU3,26581,-1,,RBV3,25293,-1,,,,,,,,
,,,,,,,,,,,,RBU3,26581,-2,,RBV3,25293,1,,,,,,,,
,,,,,,,,,,,,RBU3,26581,-4,,RBV3,25545,-1,,,,,,,,
,,,,,,,,,,,,RBU3,26581,-1,,RBV3,25545,-1,,,,,,,,
,,,,,,,,,,,,RBU3,26581,-1,,RBV3,25546,-1,,,,,,,,
,,,,,,,,,,,,RBU3,26582,-1,,RBV3,25546,-1,,,,,,,,
,,,,,,,,,,,,RBU3,26582,-2,,RBV3,25546,-1,,,,,,,,
,,,,,,,,,,,,RBU3,26582,-1,,RBV3,25546,-1,,,,,,,,
,,,,,,,,,,,,RBU3,26582,-4,,RBV3,25556,-1,,,,,,,,
,,,,,,,,,,,,RBU3,26598,-1,,RBV3,25601,-1,,,,,,,,
,,,,,,,,,,,,RBU3,26598,-1,,RBV3,25607,-1,,,,,,,,
,,,,,,,,,,,,RBU3,26598,-1,,RBV3,25617,-1,,,,,,,,
,,,,,,,,,,,,RBU3,26598,-1,,RBV3,25618,-1,,,,,,,,
,,,,,,,,,,,,RBU3,26598,-1,,RBV3,25619,-1,,,,,,,,
,,,,,,,,,,,,RBU3,26598,-1,,RBV3,25620,-1,,,,,,,,
,,,,,,,,,,,,RBU3,26599,-1,,RBV3,25623,-1,,,,,,,,
,,,,,,,,,,,,RBU3,26606,-1,,RBV3,25627,-1,,,,,,,,
,,,,,,,,,,,,RBU3,26606,-1,,,,,,,,,,,,
,,,,,,,,,,,,RBU3,26606,-1,,,,,,,,,,,,
,,,,,,,,,,,,RBU3,26612,-4,,,,,,,,,,,,
,,,,,,,,,,,,RBU3,26612,-1,,,,,,,,,,,,
,,,,,,,,,,,,RBU3,26646,-1,,,,,,,,,,,,
,,,,,,,,,,,,RBU3,26646,-1,,,,,,,,,,,,
,,,,,,,,,,,,RBU3,26646,-2,,,,,,,,,,,,
,,,,,,,,,,,,RBU3,26646,-1,,,,,,,,,,,,
,,,,,,,,,,,,RBU3,26646,-2,,,,,,,,,,,,
,,,,,,,,,,,,RBU3,26646,-2,,,,,,,,,,,,
,,,,,,,,,,,,RBU3,26646,-1,,,,,,,,,,,,
,,,,,,,,,,,,RBU3,26646,-1,,,,,,,,,,,,
,,,,,,,,,,,,RBU3,26646,-1,,,,,,,,,,,,
,,,,,,,,,,,,RBU3,26646,-1,,,,,,,,,,,,
,,,,,,,,,,,,RBU3,26646,-1,,,,,,,,,,,,
,,,,,,,,,,,,RBU3,26646,-2,,,,,,,,,,,,
,,,,,,,,,,,,RBU3,26648,-1,,,,,,,,,,,,
,,,,,,,,,,,,RBU3,26648,-1,,,,,,,,,,,,
,,,,,,,,,,,,RBU3,26648,-1,,,,,,,,,,,,
,,,,,,,,,,,,RBU3,26650,-1,,,,,,,,,,,,
,,,,,,,,,,,,RBU3,26650,-1,,,,,,,,,,,,
,,,,,,,,,,,,RBU3,26650,-1,,,,,,,,,,,,
,,,,,,,,,,,,RBU3,26650,-1,,,,,,,,,,,,
,,,,,,,,,,,,RBU3,26652,-1,,,,,,,,,,,,
,,,,,,,,,,,,RBU3,26652,-1,,,,,,,,,,,,
,,,,,,,,,,,,RBU3,26652,-1,,,,,,,,,,,,
,,,,,,,,,,,,RBU3,26652,-1,,,,,,,,,,,,
,,,,,,,,,,,,RBU3,26652,-1,,,,,,,,,,,,
,,,,,,,,,,,,RBU3,26652,-1,,,,,,,,,,,,
,,,,,,,,,,,,RBU3,26652,-1,,,,,,,,,,,,
,,,,,,,,,,,,RBU3,26652,-1,,,,,,,,,,,,
,,,,,,,,,,,,RBU3,26652,-1,,,,,,,,,,,,
,,,,,,,,,,,,RBU3,26652,-1,,,,,,,,,,,,
,,,,,,,,,,,,RBU3,26652,-1,,,,,,,,,,,,
,,,,,,,,,,,,RBU3,26756,-1,,,,,,,,,,,,
,,,,,,,,,,,,RBU3,26756,-1,,,,,,,,,,,,
,,,,,,,,,,,,RBU3,26761,-1,,,,,,,,,,,,
,,,,,,,,,,,,RBU3,26813,5,,,,,,,,,,,,
,,,,,,,,,,,,RBU3,26813,5,,,,,,,,,,,,
,,,,,,,,,,,,RBU3,26813,2,,,,,,,,,,,,
,,,,,,,,,,,,RBU3,26813,1,,,,,,,,,,,,
,,,,,,,,,,,,RBU3,26813,1,,,,,,,,,,,,
,,,,,,,,,,,,RBU3,26813,1,,,,,,,,,,,,
,,,,,,,,,,,,RBU3,26813,1,,,,,,,,,,,,
